pca_neuron_1,pca_neuron_2,pca_neuron_3,pca_neuron_4,pca_neuron_5,pca_neuron_6,pca_neuron_7,pca_neuron_8,attack_cat
0.2295581009724887,0.3662062571315625,0.2995155699486529,0.2921517224358732,0.3967054022586876,0.4018917522347505,0.5645585097744421,0.48420737121424495,7
0.726051597842841,0.03386115800887146,0.6338600569290866,0.6210573402880128,0.3333607989182351,0.5283806910563783,0.4732914294283922,0.49264274595849056,7
0.20332057873880263,0.39311398905412637,0.27088364637943774,0.17206167643751194,0.6348093200353315,0.49171206619872126,0.595008056655954,0.49468894131425895,7
0.15302692897409625,0.2754135854884141,0.5790739156393444,0.544320136554987,0.27501722037797927,0.4911741837774467,0.4772020657837731,0.4909003776171758,7
0.747492976240845,0.11185055075784778,0.7140351501151148,0.43304102770087566,0.3454125823174614,0.5385586067319175,0.47319910585108166,0.49273214591708014,7
0.739608738295213,0.12381004330298662,0.3641376989381644,0.3591968288609596,0.4687890087004364,0.4610888405340625,0.44402851795030296,0.49154791898294364,7
0.20019764903411616,0.2550086506270548,0.6022680190437858,0.5925713635541152,0.46429892349755464,0.6171219348477961,0.5771797396747889,0.7420010640138237,7
0.8009262180664086,0.35948605850297854,0.31956391474607965,0.4993969038119252,0.34640113088466323,0.6206558209286931,0.5137233093537501,0.4922938731900207,7
0.11829533405666431,0.2987779820731586,0.5598822881734614,0.4838840042306628,0.2828243819531738,0.4795525867392274,0.390628183758082,0.23778961031162654,7
0.8605667930625966,0.5617431666022499,0.42624854351886204,0.23349032378762374,0.3049943816610363,0.6963277539103279,0.5298632192852055,0.4921866653881108,7
0.783911308037504,0.28947712109284035,0.39747736407873757,0.5250732493406952,0.6263801521038437,0.18980385960632462,0.3903928005422936,0.4907882707459872,4
0.2808320545597664,0.2872489138600155,0.7225646620823429,0.27918892872580503,0.3556196485638627,0.4330786688740813,0.7906554512542374,0.4914093819903711,7
0.2545349527249151,0.43581816662029055,0.3605275898107182,0.2648899918172828,0.42007714131358953,0.4881661245248039,0.5174425746803005,0.4911850389235005,7
0.13881547454296916,0.27864104593504385,0.5551969144026294,0.5699791789591273,0.23397140630445204,0.4804122331367996,0.454657199912452,0.23791134482741588,7
0.7423409730719766,0.10128387334775296,0.5448716831787823,0.5708349751141323,0.30763593738122863,0.5357598174006635,0.46798318217961765,0.49141117381413785,7
0.22496736680397159,0.3596291915259993,0.7761327036458657,0.28794257116452976,0.41869462463907126,0.5579733001516005,0.5215142746951167,0.49489258171215594,7
0.18415081736243769,0.3603662581190571,0.4688793784983405,0.3146816789294541,0.4095532109657702,0.4642919291552754,0.41179066402161546,0.24062288819807864,7
0.9336070818853077,0.7901596677148814,0.36290919350426615,0.7269841227884696,0.2737480069747976,0.5914337402198944,0.5471397372452302,0.49133432996633786,6
0.207498685945592,0.3020596144728963,0.12839308827048052,0.4811148895298184,0.5743002357872437,0.4944240331154225,0.681650424897433,0.7453551067876518,7
0.7496635006037766,0.16700386164489814,0.45402349488943383,0.15724291921897626,0.5056617180364436,0.44577358787155014,0.4363770500852805,0.49172250335377793,7
0.11021026540495987,0.3218677112710395,0.37656943923019376,0.5679421340707895,0.4016350101146276,0.5275112101852704,0.22177097800225293,0.49356098371610424,7
0.20937006954032017,0.30100820592962996,0.5184039013954748,0.37705888611137656,0.2763135600966916,0.40696600498311425,0.6003467517465566,0.2367994506558282,7
0.751167674044579,0.17114722288899453,0.4566240410298722,0.15109741016075307,0.5079331919154242,0.443329999091282,0.4361127404040548,0.4917934142976369,7
0.05933685194122834,0.3724730440551212,0.10745495371598135,0.29218432267877914,0.44335228965977613,0.4017479246495568,0.4195915811175553,0.7399725290535208,7
0.2043356113099495,0.25990904275659815,0.5846721575180637,0.5594264930009792,0.3225826009609385,0.548776528864457,0.7334344153422767,0.49091045823656637,7
0.15753729070514133,0.23851923786644177,0.6267015825321933,0.713232585929606,0.4500877897741139,0.6666902291796175,0.5145058590040897,0.3710591029434403,7
0.22093701345263547,0.4814833736790207,0.29802588832672006,0.7805836373552955,0.8695194124709794,0.2008688733769992,0.5049916864955302,0.9008909381261367,8
0.733757466632224,0.1014414506961438,0.33013725962105556,0.43695375589381136,0.45457603665111057,0.46906893328329197,0.44648400792809817,0.49141082057914603,7
0.7392821952509464,0.10588434913657482,0.4552150046216473,0.45801348633103395,0.36868605963941836,0.47472050710301766,0.44117574586459307,0.49073815426040635,7
0.3080462429551494,0.28151028493712715,0.39775630656502337,0.41431193993955295,0.3680728876274141,0.39670845668465526,0.812693856723522,0.4895740937027077,7
0.2607164281438895,0.28434228519522775,0.4579663859642793,0.3829861986897968,0.26302575073463047,0.36959114086164296,0.8028690717986846,0.4850588196102451,7
0.26827507868377787,0.47543974717290566,0.309505683923172,0.766147147489028,0.5308412392055298,0.2485155588432352,0.42553594153318774,0.3744691840372163,7
0.7274583037820195,0.07605535880516315,0.29284631753095386,0.5227138337851704,0.44474031098606076,0.467574022573278,0.4478202585018687,0.4913895034867613,7
0.1436445493392085,0.325151681156331,0.07422409226976096,0.32787811912829673,0.4281022903186542,0.3571542796040965,0.68641792475334,0.7385978071276498,7
0.8375954549925704,0.48034247015627224,0.9396041082221459,0.44400905501674426,0.4494628043500454,0.35147378256598016,0.49214086340141083,0.49461294658014016,2
0.1965460712616039,0.41795305712813124,0.521561106663596,0.20836468127746788,0.45732082453903833,0.5060720708673238,0.3715836169821092,0.7450254819914441,7
0.2080409102427466,0.3221894011459525,0.5238215542554326,0.41099451795629477,0.5124871457165139,0.5767055958738697,0.5704315824137646,0.7185189650876685,7
0.7373186866480834,0.07701843665430996,0.6876863171953607,0.4961196841693895,0.3446885276829026,0.5335293275965763,0.47230169335283995,0.49266626577629113,7
0.7254958889567529,0.07017249468297188,0.2843624424567287,0.5410903420101707,0.4412902139372183,0.46726141077477645,0.4485778034192255,0.49133450026360764,7
0.24505087953436325,0.3712547097537687,0.3737477727497136,0.1086040624799362,0.42665822414340976,0.3392773740354923,0.601285883323545,0.23333142872499574,7
0.2698889385378347,0.3109157722072444,0.6011587510624526,0.21849534809233978,0.3487346365727698,0.3819232875398535,0.7584449415164569,0.4785967260719804,7
0.19827431615582244,0.4561110114068009,0.40181020684947877,0.20255529730373295,0.4556493823045276,0.5033641604906387,0.34403357281545255,0.24077090855259492,7
0.7324399911133029,0.05790302497364108,0.6609500364505021,0.5570658276542633,0.3393668359772165,0.5310127518698571,0.47337548524953466,0.49267095093696645,7
0.26876378300011333,0.2717041484607828,0.44008997772789965,0.5049071003488057,0.14444320848509234,0.3732776485227224,0.8580831352486415,0.4830110334455764,7
0.8463873993595279,0.514846987402056,0.418669944573268,0.6657721004326009,0.46979590681651173,0.370283800936728,0.48567674771432284,0.4924437024146412,6
0.24133106863679368,0.3199705553366246,0.40204451612528264,0.297363547050851,0.2900130728477135,0.3489430523837539,0.6973723394266181,0.4867078436865642,7
0.8122142879716404,0.39472844083062547,0.942960583408452,0.43130366454889674,0.49799427181402933,0.27943872864269464,0.46612014336396557,0.49454730689978854,0
0.22931137313112973,0.32266466930778387,0.8253610641645175,0.35799872789051584,0.6725435879560411,0.42611463113014786,0.7567685435557898,0.409601255723262,4
0.206212220691419,0.3012017743729556,0.6393032797702467,0.408066622270846,0.649416503384405,0.6980623314294625,0.6339378848313113,0.49699738131921517,7
0.8779629034028621,0.628506688565434,0.5416101125612011,0.3788652306881318,0.49494609684055135,0.3819038143431531,0.4846999183755374,0.49268323053005897,6
0.7275973558487385,0.03469116066162964,0.5992405508324555,0.6942336911281297,0.3091594653115537,0.5488960112033193,0.47967053819102035,0.49251755595879665,7
0.1651145375004306,0.4258341425108888,0.5703448996250903,0.2056295044665536,0.36666877188223995,0.4965271317243221,0.37069371638340687,0.7325232905902186,7
0.28409468919464076,0.27879207231211295,0.3984554580094906,0.43393878455574564,0.4159680542512208,0.42432957829682605,0.7266346538351182,0.4913327064272864,7
0.8360095090357756,0.4855845233362115,0.4415730450814751,0.21736817268456401,0.356647957012571,0.6337858844384123,0.5121019507657183,0.4924309870106062,7
0.7383389650187544,0.11751491294436509,0.34580263504797665,0.3995935325471893,0.45970313781453,0.46690167659342613,0.4461075004534316,0.49150353832918253,7
0.8327257519385346,0.48778723748145236,0.5699791435659325,0.34902347527861355,0.5905325648970337,0.26641607644832777,0.4518595723352259,0.49314708005672503,6
0.2281634664677173,0.32576195380628775,0.7969542626716304,0.3095603996547197,0.41086817665967895,0.5347553121183146,0.5561491760364757,0.744617325499785,7
0.8257951693782861,0.4499262566318259,0.4318981510884255,0.6519389779947611,0.5141600470760198,0.3168942919776927,0.4704001427801022,0.4926812076934271,6
0.16717980388925213,0.31847590180225593,0.6248312486887915,0.3922528174321447,0.4438306461284791,0.5713936576300054,0.5446673362857818,0.9509484042287095,7
0.16044925694738615,0.33873124467445204,0.341116916183459,0.43996792367653415,0.5339500129345319,0.5625158279359624,0.416110292565166,0.7374720003717029,7
0.2730616631005046,0.3720281893740542,0.3125693161620932,0.36144310488866166,0.41283655577138845,0.45633887233250203,0.6171165049897895,0.7420059433008716,7
0.25262484948424274,0.29673398243647425,0.19431557204923072,0.38300520578655545,0.14700375490890166,0.24686432916480533,0.8411593990834065,0.4804543546192656,7
0.153140352148125,0.3416529377019535,0.6718094684262765,0.3593079116575894,0.668175861741268,0.7314558802241915,0.4560207949089467,0.5008789163263531,7
0.7412907694284772,0.12385193480645001,0.3299682494593844,0.42610008305486796,0.38678106966594683,0.43968668161819247,0.42205593492152793,0.48977421682639394,7
0.2699797054890197,0.3304603910012578,0.588655293018477,0.3361565634107573,0.503144572497052,0.5632829604316979,0.7379793291746348,0.4635614909746087,7
0.8313025063894773,0.4681194381966338,0.430540224712361,0.6587683138187868,0.493348271898665,0.31984503630283734,0.4696695088957754,0.4925651785101532,6
0.12650998026315707,0.32636062190600834,0.3651023824035411,0.5857944011553435,0.38248062386351345,0.529618521698851,0.2647312468911985,0.49316657027686406,7
0.8641035463509965,0.5704690742500926,0.4089351246949076,0.6794247636711417,0.4267279061555677,0.4083924533926362,0.49550616400650555,0.49222950433926194,6
0.7437664565562621,0.1385483637543171,0.38565244563974505,0.31099019638863235,0.47492442638408244,0.45988560333477013,0.44231839938148376,0.4915847665323617,7
0.1336362981997294,0.3350241974975894,0.6676919227941297,0.24831414553461856,0.20823592944809347,0.39363933312322863,0.4681540482290388,0.7384019179019554,7
0.16399852941687482,0.34728024782050965,0.6150146081223651,0.3706666994418708,0.2789628422960081,0.48338826779686644,0.44334187953422205,0.4891999268460114,7
0.7332758169951472,0.10282224927079275,0.34445418190796634,0.40526702246538204,0.46301770403474984,0.46102858909494754,0.44442011927837055,0.49142379377426154,7
0.22074109869787614,0.3150134555416701,0.25166401307379777,0.47862472962601754,0.3108660923711881,0.40294117584694955,0.6118912559100603,0.23205494067736288,7
0.20474399672597882,0.31446489291367496,0.3354511640797825,0.5571576302028038,0.399099223049122,0.49958495244730894,0.4782749867953213,0.9495517011834651,7
0.7382694411184305,0.11942702582331863,0.3601192023383452,0.3681645871676337,0.4668451026391917,0.46670907225311925,0.4450654817426487,0.4914790604538646,7
0.8050838982554678,0.37358478324910005,0.3206619920348509,0.5073644259440536,0.3226105868031037,0.6121720076226778,0.5085567551210407,0.49216786329283774,7
0.06792567984822634,0.311825123277269,0.40180305944989575,0.5876174172135745,0.23821172687259673,0.47282592028276327,0.2512601026753054,0.48926655052898077,7
0.15711380325737412,0.4331388303739312,0.32742126262519333,0.17514182519103377,0.6882590892213163,0.580132964608748,0.3730786448914345,0.24604350126303873,7
0.8892383771782615,0.6379536376362149,0.26270641861502264,0.560509554662661,0.15039801607694292,0.8471364794458023,0.5771345174840533,0.491193947142158,7
0.1436247226909963,0.3373063814671097,0.6385510152943537,0.4352729721689477,0.6506431530537395,0.7465406271228658,0.4351366573796136,0.5018665924861145,7
0.769589264969132,0.2620281321217721,0.33920858881497745,0.4787321511407246,0.4125937901355812,0.5406688025556179,0.49098026405052353,0.49261445461396575,7
0.24556042562065677,0.39649957844811223,0.6480251381897533,0.8676992546823299,0.506494031134114,0.2918834471524725,0.5080453914532155,0.8544189997651628,7
0.17471027907152709,0.32601929013285486,0.43658629156449597,0.35987018779469837,0.29167627509403093,0.4022716840263516,0.5332188157720296,0.2342867738075209,7
0.25162389788748246,0.24314301060611493,0.4170314854647428,0.5727247692130414,0.17400365491658987,0.37421046806860636,0.8097531250616721,0.4847790158491807,7
0.744009811100727,0.10288516132567421,0.738385157230267,0.3834325643890075,0.3672362451296461,0.5169202186200466,0.46609060389620416,0.4928969520571302,7
0.7537888811733138,0.1410974765673554,0.7996772374515362,0.24431494160763903,0.3898698504963036,0.5100239342482729,0.46246521998688367,0.4930304821861529,7
0.7394812319867896,0.1219745511247394,0.3594740450367859,0.36924175599012127,0.4683878659333533,0.4649196744814424,0.44499361517248653,0.49157073306033505,7
0.2605483419208575,0.20872031341734382,0.5627459090727782,0.6545890500134443,0.4297443840968228,0.5776710010267772,0.7865512125003289,0.49487744374422654,7
0.09931935766495598,0.33817412916333034,0.6621522157369579,0.5063451223990535,0.4871789442849238,0.6849351687838603,0.23852977754393706,0.49795952865747983,7
0.10878999031767961,0.3171069921507897,0.8103189428025153,0.325217345084065,0.25697608249056314,0.4844300095818229,0.35423693847469323,0.4907035560441441,7
0.10047167396814044,0.39665446628105766,0.6882180399472559,0.4354463566707707,0.4327454237658534,0.6680527948210312,0.16610773940860407,0.4967555808381906,7
0.19683783623922005,0.3433560359944319,0.17791694302397998,0.3783623856459881,0.5941581488074748,0.5141357167089683,0.6217901616869663,0.24276714628653986,7
0.26113349409869974,0.20890914980730568,0.509683270581817,0.6376350315125128,0.5597235956354134,0.6550304747125149,0.9139646555681074,0.4974777656726244,7
0.8800836232597878,0.6097861785998759,0.26796044209846315,0.5541257631816072,0.1707040141652285,0.825831267537052,0.571371913325406,0.4912818419825504,7
0.27458889645130546,0.35537804815808266,0.3781342155258268,0.6659815427692541,0.2928647551421557,0.5846080170773365,0.6633074669006472,0.7040285892934338,7
0.7397993772522067,0.12442887102116687,0.3626698748370457,0.36249827276352947,0.46424257437309063,0.4669966687137042,0.4446709094331493,0.49147338376125815,7
0.7397588807904434,0.12564669936596012,0.37402211675905783,0.33778306949087555,0.4742912695879429,0.45653928319879694,0.44261887927814736,0.4915691785529021,7
0.22401734549018884,0.40642252109732535,0.2930498180056459,0.42198042654239726,0.390997629059236,0.5084152744168633,0.4582566724794201,0.9941650146229747,7
0.13970429049198302,0.32290870439533187,0.7100050258835044,0.43605151495688416,0.2078599307477593,0.49306051751395985,0.4391933046085861,0.23784435824176603,7
0.849167644462302,0.527398797479055,0.4915492622453408,0.5899270710723087,0.44569569171588075,0.3417403571898393,0.4635697768054281,0.49179421456242134,5
0.1335884217185871,0.3591055885126404,0.604397969898637,0.6959460671826411,0.552846873388724,0.4141283622594264,0.21720612987567722,0.5714302937547485,7
0.20978741407253568,0.40714875487964974,0.389025730566559,0.25997811811494936,0.24276587338618602,0.4014180500912212,0.5636873464576553,0.7379109518152931,7
0.9076524941304974,0.7231867781706796,0.5232139731791179,0.401274085785047,0.42352938384650557,0.4532146998912263,0.5038013477485775,0.4922573620230437,6
0.22214745332339364,0.2959840790891237,0.5946323811540748,0.4463225468991267,0.44996832526407454,0.5766306827183237,0.6582590654990637,0.4942913192546588,7
0.1595703131848814,0.33897152735217057,0.7282641042377616,0.2637239687270575,0.32956794167690956,0.5188015658550169,0.5725627362851861,0.7421093117236738,7
0.8900829716728544,0.6518473732621368,0.39416209752158315,0.6987357642193317,0.36569341453583076,0.46675548774643516,0.511004135447686,0.4919261837245245,6
0.8015114969562256,0.362388846146682,0.321928626146685,0.5037338071811363,0.3338386098164557,0.6079481898468126,0.5081010355370732,0.49222091034313725,7
0.2400342801318158,0.505676995547086,0.6148171791734603,0.6998508738930374,0.6564645441195054,0.1566201552923891,0.43221521874362673,0.10582503601346499,7
0.2788085020027796,0.3095623287081632,0.7835556772490719,0.22767853122871487,0.2500127638799302,0.41253993861003835,0.8180043043160803,0.4884959685224598,7
0.18820768383265996,0.2872619388065638,0.09929353456159618,0.5553643589919506,0.5650141645027493,0.5125334809443051,0.6421338966234197,0.49424810499519367,7
0.21284351342161126,0.3453703629534036,0.7581790964493329,0.3281144664947459,0.3726825546424703,0.5466980054995193,0.5218544404686842,0.4936050781394289,7
0.24345145838093188,0.31440977131354564,0.4140328788971476,0.42998154093758967,0.39716182471267025,0.4647340203661042,0.59761865437757,0.24018847315312813,7
0.15024885013030698,0.315313797950556,0.2801796680651627,0.5816027113093247,0.50906494745289,0.5870249220730837,0.40945215856191436,0.24267583928967662,7
0.9125992571718065,0.7376146899971372,0.5215002253517567,0.4045631313778631,0.41355387057717924,0.4612809001376256,0.5059970851165048,0.49226281278943845,6
0.8022667585428072,0.3641952110793055,0.3186756218672513,0.5006112834959392,0.34259349334987144,0.62380920931651,0.5145858792072309,0.49226144097940844,7
0.26627604196572463,0.2859587517512282,0.48172548702061074,0.42356649347177566,0.5042090739994353,0.5363318130960695,0.7574937336845007,0.4430659852578608,7
0.7359254380957871,0.10726138394506793,0.319412087380801,0.45859594501486495,0.4461128231462948,0.4740969311070949,0.4492606796270806,0.4913841547381937,7
0.20556866591395573,0.3438434155907853,0.6958190839599592,0.1941268486041479,0.32852436561834253,0.43017921597449077,0.5532236625235991,0.7419833498746954,7
0.1687780439561566,0.30840104347065034,0.598174991506774,0.5132988714623142,0.6299953260961609,0.7359994108092766,0.5271156997715292,0.5008173618880613,7
0.8513298747059004,0.5304933352715326,0.4160995068059056,0.6699130716294899,0.45663514952760476,0.38026601187140646,0.4880464373326741,0.4923625523245897,6
0.21967897504974493,0.27305315809582076,0.3718729633111837,0.452951126315227,0.23221608988721157,0.35227765344708317,0.6738464111410994,0.48568166628929527,7
0.8305458278767043,0.45282543221368166,0.30278184084030524,0.5218803257720517,0.27534926261515935,0.6864975925811585,0.5310670041733074,0.4919287597425031,7
0.1901818328217921,0.29697414507337366,0.660751095015112,0.34300831729749737,0.2341386400241558,0.41676833615641606,0.6181911950691479,0.7395610324203694,7
0.3150905866493654,0.30028334855122857,0.4680200483477339,0.27799733720690634,0.44972668618269374,0.398991339505816,0.7872475846642262,0.49129881602167796,7
0.16585255287251005,0.38318681744702743,0.46318389595250864,0.365458073652759,0.4009224887292272,0.512011191658089,0.3426977912870399,0.49235677454325744,7
0.7429729039551434,0.1547540823722858,0.8735303308147244,0.2099739922525925,0.39986703241271965,0.5106807809972295,0.4879167831029454,0.49529142172992147,7
0.15146558977559188,0.41129511166782734,0.289690187915515,0.15427493032801115,0.6505663926008322,0.5172463858172893,0.4373551156508748,0.49542698001241026,7
0.1633346892828001,0.27198693626710335,0.5766537965856671,0.658004193485348,0.3443300680487175,0.5795281941413682,0.43659822165970985,0.24198236228632686,7
0.7465204721047229,0.14670786881010192,0.3842971014973322,0.3114123452471517,0.47378197721606763,0.4689476428706396,0.44543478685762977,0.49161720708187046,7
0.1198886983318666,0.326738371959733,0.6365381384122379,0.4167936282096858,0.4496860142926722,0.6049954514396214,0.4097656732973723,0.7358266631262096,7
0.8528545416002062,0.5356262271151921,0.4141221240746091,0.6707597872801101,0.4535882559719429,0.3874155801033031,0.4901351226547164,0.4923257806344966,6
0.2170625623289918,0.39760511414623384,0.290897832295502,0.12171706900189305,0.6420797766606965,0.4781917765911696,0.6281234007475486,0.48619662719841283,7
0.11080126889572561,0.38085339448953176,0.8189960173717041,0.31792727326167064,0.39927830740155956,0.6000220431931014,0.21091434740826803,0.49630551678897494,7
0.20868134463667234,0.2931150913142026,0.6190694749345993,0.4110274698989272,0.4359937131241958,0.5514158602435207,0.6798533608350718,0.48206592646179564,7
0.7651623722556817,0.26547050498468516,0.48461060155634467,0.16798570473418453,0.5077363138537302,0.46461120037173487,0.4643245290225612,0.4931098802090568,7
0.875728516378621,0.623588562597891,0.5419566148698245,0.3786811715093685,0.4951962715693424,0.3780274183433961,0.4831858745012893,0.4926028141841159,6
0.26219309164418525,0.3210977191392771,0.3615572833106832,0.2611905730007601,0.33552855893199685,0.33198677282146466,0.7429223857359387,0.4832637809732969,7
0.9024885288908795,0.7058694092403979,0.5271333375798039,0.3968573892223012,0.4378006202278882,0.43925782874220093,0.5002423876063063,0.49238535926378857,6
0.2270855850912567,0.5259339780210185,0.9358465397921525,0.5270535899385296,0.6811605906712666,0.19913311228542285,0.3855341983848156,0.1381744571271052,5
0.17046027095952215,0.3432150338532945,0.4235477121854927,0.4177754936287553,0.4331047955698828,0.4961028419581913,0.36918624746138207,0.7447034694669874,7
0.7389784939741902,0.08963912094030757,0.8360843003757308,0.17949833743344865,0.39145410202108044,0.5298919025508768,0.46663677941149273,0.49454702714098975,7
0.16264194957034261,0.245758889523905,0.6321482940636058,0.7043822200446066,0.3540486553519925,0.5901495671278791,0.44243866417365063,0.2399931203641847,7
0.7699974252779428,0.22387298747958395,0.4831038705042937,0.1894520418263502,0.39016257097049534,0.4642505305564475,0.4274246610402036,0.49023376082251297,7
0.19794660900869987,0.3464311257839188,0.2590130334107895,0.2418883592803193,0.32169643010183646,0.31097734029509805,0.6042276794150093,0.7290434991115713,7
0.12447387314603214,0.35087222690023295,0.1765365371842078,0.4583158522950833,0.29022744061815553,0.3850237818326187,0.39932573363559476,0.475869776642845,7
0.20375095096840312,0.3733338031966519,0.265262184606451,0.2313835073626741,0.29524931346451827,0.31859903456886707,0.6055401471620295,0.23336814572535813,7
0.830671488739682,0.4837599895808213,0.5712967865383074,0.34816557368176365,0.5845212482250232,0.2634781465432827,0.4495713389162425,0.49300541479245913,6
0.10469843637779153,0.30444866208666344,0.528286295236963,0.49292192124998135,0.18604609400866495,0.4402708643345643,0.39300726925878926,0.7380678936721926,7
0.22526651577193288,0.24841799755315247,0.5944537349112802,0.6003712296222655,0.4570681665691969,0.6101616985105511,0.6525409933627152,0.4961489014457383,7
0.22985988271605726,0.304371525901936,0.39895303745753047,0.46775382798557025,0.39181535566262715,0.4660444998515646,0.5679144791887637,0.49157796170256657,7
0.2832181112155441,0.3179544082907609,0.34525343669093433,0.47542515931102325,0.5747241407937609,0.2236945150298822,0.7171390504375129,0.5693780700690931,3
0.7547419344578437,0.17629883911872907,0.46844772099869686,0.15155916999148344,0.44344928655358773,0.40962179449340913,0.4096900767872306,0.49033604849304196,7
0.879530938135644,0.6349809444055035,0.5407843999225536,0.38188076111119057,0.48553027525660997,0.38275317515754104,0.4841003040974445,0.4925822165334909,6
0.7864501773341193,0.3208437128717006,0.4402972469497295,0.7313939702284578,0.5322918499069688,0.22518594778514756,0.4337892009526516,0.492210608503736,5
0.07820032132682314,0.3479671531712791,0.5259868588596999,0.49706188539792295,0.19908418343015938,0.4927682809756424,0.257891076387175,0.48877118466838565,7
0.19541453388370497,0.26691178640977253,0.5826307918762086,0.5095603645940248,0.5665776794949446,0.6710547232663004,0.7025207185621893,0.49788371413353644,7
0.8021750292044,0.3674497821144166,0.956777960240995,0.42182276154512227,0.5220046718286045,0.2577026212502471,0.4634375959743867,0.49483296421961254,3
0.03322057307354842,0.32706248581890723,0.746695631466791,0.42829981648688104,0.19976457312672632,0.5009410657588497,0.1790146238629235,0.48956052966153896,7
0.27653590922266236,0.24325522334567162,0.6174797421560423,0.5267614849785208,0.4603456131188296,0.5750642242350827,0.7976185051443119,0.4952734484373558,7
0.2293038527870762,0.2517547644995517,0.7023688534416547,0.41867773486085347,0.2775067427734791,0.4360726497076083,0.7208766312497119,0.48375138725479777,7
0.11732156807885874,0.347912527566786,0.5261363466218282,0.43058924642346136,0.34216650701327095,0.5057365256445707,0.2862016984246666,0.48905168868006793,7
0.7334419635587175,0.10319567295326804,0.34601155831963626,0.40155276571332266,0.46504624385020776,0.4612041025636545,0.4443877394659837,0.49144873691868085,7
0.7542426765000666,0.17888411703857737,0.43744734210816977,0.19035344506743845,0.4893386986135245,0.46595061407006433,0.44231529551061416,0.49163763266221666,7
0.8780409952421657,0.629540784168792,0.542845373440251,0.38097589775983143,0.4888635464052108,0.37516580826654866,0.4818045944900566,0.4926409361954146,6
0.7345540427694539,0.08303648572462086,0.4781908694390706,0.5313691785918295,0.34944776934587274,0.48930640694996097,0.44926793441815804,0.4910354285576678,7
0.34298117494792046,0.375886770805169,0.33678734464928817,0.27902794074130877,0.4092774724699393,0.418610203786124,0.8071767085973282,0.4892042788035922,7
0.9789196304601591,0.9326272990830872,0.3328226509293829,0.756835707855231,0.17757427158530106,0.7126407512072218,0.5818961051391026,0.490800133961346,6
0.8038296703379988,0.3652429495756333,0.9466134359682061,0.42538689979175803,0.5297073624281701,0.2580440092645152,0.4616440179958922,0.4947986683693195,4
0.740154438492734,0.12865742015297257,0.39325746649376947,0.2958224540485236,0.4875967298109103,0.4485595064392114,0.43990611658708784,0.49166165447497046,7
0.7271294740187135,0.07477813488587531,0.2757099475862892,0.5578915075702061,0.43252845488379826,0.47640278779257766,0.45142069977414,0.4912511814448216,7
0.8150135899846334,0.41678691876200086,0.43852916248755053,0.6449602607853308,0.5365353322255801,0.28963035920151486,0.4626873150896581,0.4927789482506903,6
0.20961074623922984,0.2868424678453294,0.16244887715652528,0.35480263044387156,0.5882474766052941,0.47069421327830036,0.6570458757828843,0.24153478650692695,7
0.23169160599819968,0.2799023500625298,0.5983048530695984,0.4860565643953359,0.626574514331019,0.6919160436741889,0.7220722610570318,0.4995961844692861,7
0.17242999912704915,0.39500917052391304,0.3774428940932483,0.2702164381878259,0.4878444763571974,0.47533703182249537,0.3100253313948471,0.478619196563664,7
0.17996329550806667,0.40747091828625187,0.35374628995521884,0.13079369987749767,0.5988968630270407,0.5029498395540429,0.47008621890274077,0.4948457732124218,7
0.7412819740213924,0.09520146234806529,0.7606519480663683,0.3364994743616623,0.39271273513015104,0.5020673519129868,0.46147416151043297,0.4931212238142848,7
0.20723249797480597,0.45089715397883745,0.7920307322851593,0.33478344778870495,0.3492760507754957,0.6613959574958004,0.41416445751318465,0.4949140385153265,7
0.13210158594736526,0.3518280861990376,0.6270668972153268,0.35894979779677305,0.2755483862041924,0.4860763280285442,0.3686082114381872,0.7395815725493128,7
0.7416877027881201,0.12787898049453553,0.3345863783806058,0.4208533464724454,0.4454962885326665,0.48105058640006787,0.4507780229735068,0.4913756943262347,7
0.16492512031094875,0.25642351162527044,0.6417815520550537,0.6796703422403861,0.3504884714048012,0.5952400779649584,0.44200051959954023,0.49374114949103354,7
0.1298096712038091,0.2681153597657815,0.4563159928568683,0.5879152510375747,0.23319239315362958,0.4493433271197319,0.4342588709771899,0.23598984714805227,7
0.22402614374194088,0.3037140835226784,0.3390259288851279,0.5811476434761,0.33107324123704895,0.4755247103289869,0.5722482808657996,0.23879548521476973,7
0.7211854393737209,0.0167519503296224,0.6007659650252704,0.6943620120010143,0.315166414231076,0.5377984857478011,0.4768452659993602,0.49242318116963946,7
0.10202377199995727,0.31860518787570125,0.39089738715563105,0.5852702592202331,0.25708728920519447,0.48622646140427395,0.29753952084438506,0.4887823927819586,7
0.19079651637405373,0.27872468384254956,0.5943843920591414,0.6494330334516136,0.3481923970705571,0.5816560575848067,0.4833713663540425,0.7459799330464602,7
0.25350758294307335,0.29364112425386585,0.42240866850784164,0.4007725838061241,0.4373695286602948,0.43761248772106237,0.6247668126433312,0.49212481409245956,7
0.7453746371078553,0.14844976197515422,0.4227073558194162,0.22938008925679168,0.4942328270943162,0.45054202309441493,0.4381586284558455,0.4916787128289323,7
0.2471756840355228,0.2650618210452965,0.6705469401963464,0.5663766087228663,0.5052598312448988,0.665531389823195,0.7319994009493322,0.46222527580656875,7
0.19908444309501333,0.35385056885632993,0.18969793617337916,0.3489880292480943,0.5939350800777784,0.5035218884838021,0.6167790005609709,0.7451222980385345,7
0.21815877447721568,0.29684894762529207,0.13901536690265592,0.4569713981750165,0.5849625482940215,0.48514364454112335,0.713643919944415,0.24094699092024735,7
0.3187510583848581,0.5037629808519137,0.8673721467566295,0.6327703649808151,0.6141360514634214,0.18358801632283195,0.661160294850929,0.31257688749569984,7
0.8239867505488154,0.43224924484542937,0.3074658487870101,0.5180936685335893,0.28768070624507636,0.6671548949092435,0.5251964603583863,0.49199621397601784,7
0.7423741855660485,0.13490355352343705,0.3805107262265268,0.32128708666916894,0.4737741817734145,0.4604125137346931,0.4433500072272589,0.49156498424947187,7
0.06064391512774614,0.3173009530027028,0.697967461853683,0.4173456639728071,0.24033678188633906,0.4852890142120957,0.25186894815065286,0.4904781917805483,7
0.20296027236822764,0.2647550420655978,0.6241772149105715,0.5465919390642756,0.4762993098858361,0.6129239437648842,0.5755418088612999,0.49672051366254627,7
0.7347622038290764,0.10061103708590796,0.2941087417697555,0.513983392981584,0.43238091413618657,0.4839239700762628,0.4527475311525371,0.4913048685759886,7
0.19723913983648875,0.2815637066926723,0.30490071220856735,0.5613000145069038,0.47261992126733243,0.5149752597527298,0.49768204492019946,0.7465144742898466,7
0.17898676544703224,0.36964272477564003,0.260658929659187,0.25044193057294695,0.3041081763883419,0.3320729394707202,0.5369015895411187,0.4856083704069662,7
0.7466022855792467,0.15176658188636552,0.4132576243202804,0.24814398399303636,0.4878429418572068,0.45351963309736937,0.440334322012257,0.49167503250051103,7
0.18716660883587724,0.3203415628450291,0.4293410281276499,0.419214001269447,0.41720126641377964,0.47054984437567887,0.43555559446386455,0.24103021654955836,7
0.1497515968613723,0.2897683953860739,0.5717437865524506,0.5772104268318975,0.616231665297764,0.7423572549449636,0.4925260610331877,0.752426741192755,7
0.10636294797106832,0.31265264171640417,0.6092531651191513,0.43457160971897113,0.3083853112877925,0.5350579055300512,0.4469083442521632,0.742071400831607,7
0.7448784519650253,0.14846267093702853,0.42607960554187924,0.22091066108774932,0.4965745465931847,0.4483387559636172,0.43803847714757854,0.49166824163008394,7
0.12932426438576045,0.3521087128985965,0.16749551671505675,0.4285952399354713,0.597831622040289,0.5452649152285026,0.4275771602107236,0.7469485509054995,7
0.1318094132615465,0.2963066469895092,0.5390364255856489,0.6772766706579552,0.5161185351984339,0.715002814724701,0.3823551687536764,0.7149363297852447,7
0.19617623834475317,0.342286139707226,0.4400099399161097,0.38873542389430876,0.4387526402760807,0.4920369585868977,0.42961736733849326,0.7450822273469855,7
0.727008337429464,0.07601444559512088,0.28208699900282735,0.5440591182522622,0.43332350468600134,0.4770862754477212,0.45079011376033107,0.491222215181143,7
0.15009705990345484,0.32700285479863134,0.6137001503311805,0.4849461090692937,0.6371516764818114,0.7489649752689561,0.4613168427984433,0.7530027127607632,7
0.7428759438066861,0.13380036092613068,0.35731826442097275,0.37061254381077496,0.45878736699086115,0.4733065684204042,0.4477498505099748,0.491457809787628,7
0.854884660858395,0.5287062775127447,0.2877201677959735,0.538291939874797,0.22289614525985788,0.7475018593996681,0.5482549009308515,0.49167107192272763,7
0.18492956781657693,0.32051144021891753,0.45568564991557065,0.4113402544789736,0.25239194076571914,0.41599616483965024,0.5468596919476375,0.4877394796715436,7
0.1819876166457715,0.29873471994284206,0.10530177818868097,0.5439577474986625,0.567997782019819,0.51596685002122,0.614641817292882,0.4942008060815552,7
0.08655440304800222,0.3626035380809184,0.503396854130115,0.46168508165477135,0.35219122094865085,0.5334992006902548,0.1931669961248147,0.48394315492017953,7
0.2526636020172115,0.345446851578916,0.4923138671844547,0.24449886450503022,0.43256648132052816,0.4270371473528503,0.5946679387578178,0.4915366476309717,7
0.747982316895166,0.12336446037041995,0.790035553572251,0.28044196185923786,0.3827748911983085,0.5074536158983932,0.46401321190211176,0.49284167253222727,7
0.7615851688771281,0.16444709848120345,0.7771594962292547,0.2886577992512522,0.3576736873810044,0.5367776682830103,0.47025309687859346,0.49283268028945976,7
0.25389152653764074,0.3682844125586656,0.2682166370947154,0.47475042626519287,0.39709138343971184,0.4838750746240063,0.5633220834762314,0.2339315304852001,7
0.20274230061178847,0.383057688392226,0.49290410490593334,0.16543696956917148,0.330500122697185,0.3839653514298377,0.5071355470099472,0.235090781504248,7
0.8691291313361738,0.5905064616041198,0.41788721306526866,0.23865788192331372,0.28733518673246405,0.7286150312731143,0.5396296655411144,0.4919946323501873,7
0.19825369408019497,0.3223236758590927,0.7377500861861979,0.3022665732645703,0.3300992218626741,0.47717520778544786,0.548082930711029,0.23927322883280927,7
0.16330213500946944,0.3149014418151689,0.13593948043750392,0.4881401663080174,0.5867001210631717,0.5246978538210042,0.5501954646220492,0.24362800485740696,7
0.2036013241088917,0.36277884239150165,0.7538418234323077,0.2985616165330531,0.42147108657686383,0.5602366072307297,0.4473729730158199,0.2357920826920244,7
0.8155448132849008,0.434088295733254,0.5808366084919988,0.3376045750162133,0.6270947802711933,0.22238807494024965,0.4393141941443375,0.49333140762845457,6
0.23622710028136937,0.3600148713613748,0.2658600463514025,0.17240914240757996,0.6392576340910641,0.45800950183303435,0.709568844926024,0.24255756256522143,7
0.21736110416238427,0.32780655715871276,0.4244955540102661,0.4085602302463,0.39900146908547657,0.46621941646009046,0.5138462225342713,0.49181255477421537,7
0.16847749735780382,0.2747302357054916,0.3771550683303677,0.603828894470014,0.20957205266336526,0.4248455841890891,0.5309570615743437,0.23445577867768636,7
0.825071968468801,0.45199419476132874,0.44627016713031936,0.20860464055441327,0.38378703462553043,0.6149941977341609,0.5076530947492733,0.49252371414366936,7
0.07592308600473707,0.2695233649383373,0.6341544224258524,0.6588637543421945,0.15496997794394246,0.5172932628205329,0.32510150227992246,0.4893907496100076,7
0.19004296340688367,0.32179474289830784,0.7830526617531572,0.35958396915361784,0.41089522030987563,0.5577850921652898,0.4548883216037117,0.4944507593406154,7
0.8568611199518256,0.563125344881013,0.55475847199568,0.3650320373870731,0.5392694896190111,0.32820223238477253,0.46945529646003076,0.4928912513040377,6
0.17546073491785802,0.3635221908626255,0.7095505126576956,0.3607125940058462,0.38081313681567897,0.5668386772260434,0.40226282547863323,0.24269682672182621,7
0.7477404268212955,0.1446847110135206,0.2871519342788772,0.45213277742551083,0.369746243445987,0.4484122456451051,0.4230737340957246,0.48951393964984447,7
0.13584705456247448,0.33971834115079114,0.2155200488401777,0.2752642282317669,0.2981078899673566,0.33650136667812325,0.41169448988446267,0.23392952683308815,7
0.2702715000492145,0.3970088946990989,0.6001267664374359,0.8868408085667607,0.686436119343979,0.17688232673583376,0.6569214145318376,0.663261132374548,4
0.8111840381311805,0.3926505820461079,0.31499792381328123,0.5097248760640625,0.3142328776928152,0.6359744187558054,0.5162413050737867,0.49210469048516375,7
0.7482353600591714,0.15418313929115507,0.3817192474645946,0.31432140999068386,0.4635082561493659,0.4782097066957006,0.4477121115245984,0.491489652535026,7
0.1350957175866609,0.29226265796820133,0.6416799528283728,0.5381259483375724,0.493991315213537,0.649131035698928,0.36565658169301474,0.49801369830127956,7
0.16344671851684223,0.3429747083506356,0.6746326480387628,0.35110578036113693,0.6695595325021098,0.7306045261449761,0.4833077611944195,0.24384898315842032,7
0.19562910769615488,0.2784999788540481,0.25637738891315065,0.5253637294879192,0.2977922241009288,0.42336711960779716,0.7022526064947254,0.7376371615685953,7
0.8493695891322253,0.5116743628711564,0.2907526128289921,0.5342467161343174,0.2357013500211686,0.735366731422646,0.5450812162338249,0.4917276490569705,7
0.1580334444156158,0.43301009755915393,0.21205288118122695,0.02088554847378654,0.5002668586082573,0.3754134938131839,0.6292209979644598,0.4887593198402014,7
0.20585344756356472,0.2927644705785244,0.3697905301857516,0.48085852394792006,0.39125293128055644,0.4501024535438789,0.5360582850249517,0.4914305397886418,7
0.33006759143274966,0.4836750053929444,0.92636454738397,0.49971176614411056,0.6619715226267775,0.1291883941965366,0.7021571783012193,0.5324910369958289,7
0.8151738380368412,0.39762915256517756,0.9301298388451613,0.4351336185822869,0.4997795933996793,0.28902491308191314,0.46662627583369826,0.4943642250791105,4
0.15184547486922123,0.30213292421366184,0.3455809582953974,0.612772538410547,0.379604174687451,0.5125434934041113,0.35438730573411237,0.24091131000906546,7
0.20537264535045766,0.31118900010349526,0.649603871512672,0.38791821001899573,0.6461571744267356,0.6948509267188929,0.6266771073415631,0.2482986658891794,7
0.3636555846621146,0.5097446973597793,0.39276327726534405,0.5400287326314198,0.545772602959754,0.19342589017856088,0.6610667892215432,0.5189494409405683,7
0.863879635660698,0.5697972392076456,0.40961383243425215,0.6799238705739346,0.42544433662912595,0.4050983346046805,0.4942110640102713,0.4922242485078532,6
0.8380558618871294,0.49225383412555584,0.43958418849279907,0.21877111779074665,0.351797952116572,0.6412235226977628,0.5141283156589054,0.4923800269486379,7
0.14080238320664779,0.3415914021421207,0.4801307477715605,0.38287932136130987,0.2647020569187979,0.4331942859199956,0.3934379950152225,0.2357542430906977,7
0.7527326913683083,0.13693902492638732,0.7910424421477014,0.2639838953221817,0.3853015749974325,0.5112419219135077,0.46307177710720754,0.4929980711170046,7
0.742972899890844,0.15475409537395124,0.873530294725168,0.2099740159549259,0.3998670334386703,0.510680777161327,0.48791678572546754,0.4952914208723631,7
0.27117560642073263,0.2645038675729042,0.46957298997962327,0.3686546175647855,0.293713731969952,0.3511340465512621,0.8323994693310652,0.4875634986627961,7
0.1645406104935273,0.3630143339229984,0.5593345773852586,0.24016818779120058,0.3109513962751225,0.41749686400365543,0.4794784487250923,0.48162917094289753,7
0.8220028038282947,0.42737540098607,0.3052001517260511,0.5147793643523507,0.2968812212280342,0.6762480378336235,0.5290934449515443,0.49196052893250286,7
0.09231509138780136,0.407411373629216,0.1741845890746641,0.1348088500352314,0.5376012186554151,0.41639199508236774,0.4525334539908198,0.4861878730171147,7
0.20910641691373716,0.30707768192833873,0.07375497302284045,0.30121957715009473,0.44448468792847523,0.3363337168703673,0.8724813364599505,0.4868385212051542,7
0.11753857494037434,0.3475319932074906,0.15922555497864777,0.4523622844578873,0.5962375878636916,0.54820218927003,0.39759653070922246,0.7471143485244436,7
0.7430358705665521,0.13896884386866296,0.40507800802305854,0.2684860315204973,0.48977806070959895,0.448928969005392,0.43921170125418824,0.49169794951863843,7
0.27308964512660605,0.3387970753623793,0.4441113144886355,0.360100904382579,0.4133513845615929,0.4662788453597675,0.6559712712922285,0.49151562557913847,7
0.14194494669426305,0.25536910053947665,0.56514739097961,0.7036454678324393,0.4437706506172579,0.6576906272913678,0.4229248601942926,0.2457911845480594,7
0.22059020021991205,0.45934725264318055,0.40224045220257587,0.19113086450497488,0.4511840957198359,0.49973428347903653,0.40407449438200754,0.24047947627629024,7
0.1597147780432192,0.4298496729559754,0.18470161687629882,0.4321921954648187,0.40472224127003475,0.5076392165607202,0.38346722889672763,0.7436389099557874,7
0.16852472004840968,0.3473339914496292,0.7791741968340241,0.2399363492706166,0.17220576638415727,0.4276587968611038,0.5541039379630968,0.48622264768674867,7
0.10869156088047982,0.3396584353891058,0.4777533993687573,0.45203330708704076,0.32680883738158056,0.4862872672999902,0.30165252212806704,0.49154342711089505,7
0.7433480156915961,0.13624814697040113,0.3831390487109354,0.3172419380444391,0.476907091096312,0.4597961929904732,0.4426654819676211,0.49163697962480923,7
0.19225969725785114,0.25520616893565135,0.533575242425282,0.48683351881603587,0.18914701486218644,0.38570471929662603,0.6794084898030747,0.486647127786946,7
0.7474825776833306,0.14840265145676207,0.3993112167886173,0.2855051186873958,0.4231769214622681,0.4200095961709007,0.4159062246931361,0.4901254860630231,7
0.7388287070218711,0.12358774400627565,0.38942712267473434,0.30583260880629437,0.48515955617906936,0.4516258260168071,0.4396494875770399,0.4916220418747741,7
0.7439514510052299,0.141363342001523,0.41083122706958725,0.25657953843617015,0.49313797913277224,0.44839732913825026,0.438461681289395,0.4917338224596448,7
0.7439503617760349,0.14418067250078917,0.424848572488867,0.22506914128741157,0.500963124091345,0.4416027821666595,0.43674315775388106,0.491754657279997,7
0.09666220861731178,0.4089474659017771,0.5864023455127261,0.15415876674904105,0.3149121656690121,0.43291673774669975,0.24489434163934834,0.48779336573615323,7
0.10811450085365598,0.3891151843190738,0.22168225068218844,0.34158270046810835,0.2982241677369641,0.3780119815572221,0.33643830903047955,0.7382188253898229,7
0.89333989256615,0.6667706083070557,0.40442263701265335,0.25739001114003757,0.22820590496518411,0.7811251619298614,0.5531975316041646,0.49169132757012757,7
0.20951202187323112,0.36991957505503786,0.5663983163039662,0.15015832099417498,0.2877471892588798,0.36908973737750617,0.5645818741761733,0.48638192531098334,7
0.2397292314940487,0.27232347552241293,0.3621462376507817,0.533558982016651,0.37930142967026487,0.44928432377333344,0.6183704098036605,0.7424001038844328,7
0.7433565750681571,0.1421453374285538,0.42471787419610485,0.22568826138875142,0.5025384454092974,0.44053339565845384,0.4364984339429532,0.4917685006855699,7
0.2918533943064668,0.255371871658984,0.6583160777812808,0.4302133543025372,0.40233360906800836,0.4827842195688392,0.7810227704667312,0.4357016751429426,7
0.13098715284194706,0.3262063864717555,0.31337961880884085,0.5123536684351585,0.32919251870221167,0.45692196513491784,0.3299895044663821,0.7413443242625394,7
0.08530591763247031,0.2719412309148447,0.5601221084584527,0.6431989354353697,0.2020733534550507,0.4998232873702645,0.35580102400044944,0.49057070895389354,7
0.1311477653354039,0.3897478948248942,0.26173464591547424,0.3131834529735017,0.28408428324941326,0.37354481281352536,0.3620544732225997,0.7372230624214151,7
0.2774530474009267,0.24673649191082006,0.3444947746131664,0.5441443517598878,0.3487793484420574,0.41306304667615823,0.7609477448263672,0.4895616786351193,7
0.1664426995821271,0.37095152441246226,0.49185167910536054,0.272031862656363,0.46877292237775753,0.48783908778739515,0.3345432040029317,0.4937662688230468,7
0.1953634607816172,0.2844335543344332,0.37494542198618497,0.4195018948215391,0.18977433913520225,0.33217728694766535,0.6453068310339785,0.4842697171476856,7
0.7290311870370538,0.08002724237249834,0.2572278569452435,0.596294495174899,0.41332293597778175,0.49413223836002074,0.4563122221411833,0.4910950054351707,7
0.23583924977476733,0.3313848079859223,0.7415681252884083,0.27265758980656774,0.5062791366818851,0.58554580307744,0.6176363130848841,0.4963205657575344,7
0.23771791997780803,0.3270139836937808,0.2145894615048444,0.3866164517843353,0.6368677608830938,0.5225904006435893,0.6780467479523209,0.49581350047979184,7
0.7235018008950891,0.026097504112104652,0.6237542910842502,0.6429257212228539,0.32815370767042706,0.5333019034619336,0.47484623894564076,0.49252298356846386,7
0.19141004921230684,0.3201792688552226,0.23651496931092544,0.568259352596207,0.41329179990354875,0.4832963640919695,0.4266827193749384,0.7394505823521682,7
0.7449455248304664,0.15048142309321558,0.4425810419662824,0.18539090168803274,0.507358744588941,0.4403455849927613,0.4354667692915294,0.4917328495651458,7
0.8592206543048198,0.5439290887421513,0.2828082230452278,0.5412372944208281,0.21262498157152895,0.7656174154576629,0.5535588356979942,0.4915313680721495,7
0.8011615691492086,0.37621202434137246,0.4619441800908831,0.1919615601631229,0.4372344291290655,0.5528835913845348,0.4902340988980964,0.4928382654783681,7
0.1509666244118973,0.3239742946082317,0.3701524424869931,0.4126445727802971,0.3244484811476615,0.4149362529024151,0.45436224785882534,0.23755288271594133,7
0.10218738118722065,0.3630616284118358,0.7690603470441901,0.276168522807391,0.2195701032064439,0.47151170118007635,0.3267732477466174,0.4868827169287012,7
0.20236077831402516,0.31914799000736166,0.15113755109646415,0.43404203200140024,0.5854904088019721,0.5001434697277671,0.653752421140748,0.49434208687057246,7
0.1417489910164632,0.3783213455724922,0.4917825771869293,0.42862007955175635,0.3827666980123131,0.5477103013012518,0.28499759509253764,0.4930148779966889,7
0.7241675242054677,0.06449987234546128,0.27186786830733006,0.5685850652867714,0.4364043877508792,0.47078845442423484,0.45005288431711515,0.4913076095094245,7
0.8501956070752837,0.5298431454072123,0.43340563058165044,0.22766695342429713,0.32398447756575016,0.6663598057589226,0.5208484425226865,0.49227332599275286,7
0.7486497500677929,0.16168011119276668,0.44468146496740557,0.17802812399112314,0.5061394939626143,0.4445901506424678,0.43707094673789526,0.4917788770685612,7
0.15535759574351338,0.30579145764290827,0.5681136705780977,0.555621107651638,0.5441723026747551,0.6857543567616715,0.43749909534904874,0.24554280286288635,7
0.13610884427896502,0.339771744903037,0.16028865797323938,0.4452486227308565,0.597463304147456,0.5386720981249322,0.4549973719949365,0.49501329048091003,7
0.7300233183124785,0.08553392636281787,0.2914379491466734,0.522341200676134,0.43850323554431897,0.4748530252273872,0.4504735036466715,0.491335961220898,7
0.15465523180590518,0.26656422864747725,0.6855906532547431,0.5932658532185371,0.38583632057564304,0.580769088681477,0.399941145919369,0.2438297693289044,7
0.21132747854079503,0.31712647341396405,0.24427001314194102,0.5345692400986313,0.561327943961546,0.5839623636255291,0.5603753299886168,0.509744321352269,7
0.21852122646455685,0.2363555220879947,0.5372296983698077,0.5908267314186532,0.5611626878834995,0.670979459958695,0.7815871936981751,0.7496360907702901,7
0.1833644642918182,0.3087248016269215,0.7331459557285489,0.2467719716420969,0.19784129947703433,0.37849207817377617,0.6092325943924338,0.7376477450252064,7
0.220791878712607,0.2976720998484417,0.3893124717409994,0.42028735196897954,0.2661294208262882,0.3788277355519649,0.6283816760241303,0.48547972615571405,7
0.2567267572927312,0.3408543815500715,0.641040102568531,0.261961808519075,0.44375442509703816,0.48823549673581595,0.6091278503380395,0.47661570291711913,7
0.877466505563533,0.6014331930275844,0.2697260835321027,0.5522283910021382,0.1768234886103727,0.8189736163469604,0.5694965360127698,0.49132154962338254,7
0.749959072794785,0.16727697241997605,0.46289995771702763,0.13978867432750414,0.5124051459695464,0.44099879962547883,0.4341078184150598,0.4918113010969513,7
0.17869134625985517,0.44002834630781384,0.2997651810020562,0.42816979389986565,0.3905918335912836,0.5491962515156708,0.309867347525606,0.7431242239959381,7
0.17110378919069286,0.4028218608742185,0.3095564670534653,0.12366228267569851,0.3271734502479115,0.31759120954576603,0.49972906741393625,0.48594455937653547,7
0.1662489816448987,0.24642575240543102,0.574250117383301,0.6742759730715476,0.46166541127966504,0.6418257259401645,0.4900181114757133,0.2458415607065482,7
0.12266699422238225,0.33571917507919885,0.6305874882403318,0.46427123987167096,0.6542975706307051,0.7568855056157968,0.3764549173690124,0.5013467677413496,7
0.14372042558479842,0.32310732575194373,0.6447481885151746,0.4159478845338955,0.6287544665183358,0.7207701276969897,0.4860892185415997,0.24857020237831595,7
0.13586791842762208,0.40561076717246125,0.7556973574306709,0.2759172637455948,0.46950172586216876,0.6239746915092371,0.24633765991396228,0.4919836667037226,7
0.29477613983391654,0.3414309513244678,0.4797349269854214,0.23909061078331295,0.3935331272960352,0.40161823044600875,0.7317472331863017,0.4899932294524486,7
0.2517645797587651,0.23642574075924142,0.5482161536692658,0.5868860476441009,0.6059653618832992,0.6775017444244211,0.8127239838932495,0.4969756333012358,7
0.8212400425517121,0.43969089629997515,0.4487433255362134,0.20604842563004722,0.39190062737076303,0.6049988928169638,0.5046764207107319,0.49256928095904184,7
0.1607036189472879,0.2947992099060974,0.5863470758410567,0.5452174246806303,0.6200520802120943,0.7377829778481875,0.520140257824032,0.24875802684020962,7
0.14378813368596005,0.3874074139380009,0.29072546539575483,0.33900282522284736,0.2820987745001149,0.39827198437134814,0.3678869314532689,0.2335740522738355,7
0.11799356336975841,0.36951355804844044,0.10735328984477926,0.26630040244629016,0.49676217470582396,0.4131378774356587,0.5579230278620194,0.721523513354956,7
0.8543355451911198,0.5557740061167205,0.5590055461611336,0.36682447232117515,0.5347200303806635,0.30841804747490315,0.4619392558127649,0.4928714355796765,6
0.20678960293571585,0.3148871769551235,0.3379822904034324,0.5006665122440815,0.5623852412969109,0.594190843629386,0.554322129664121,0.8943934448266974,7
0.7245198469572413,0.06462088262792315,0.26394544587447477,0.5850907139685095,0.43189842217732166,0.4766408058933766,0.45202124091070467,0.4912773319952108,7
0.7966445263065343,0.346617356262767,0.324801561055592,0.4998630731966711,0.3460439518867502,0.5969738948649365,0.5051816418955536,0.49229515819454744,7
0.13155514277881242,0.29896640493217597,0.5091696662759717,0.5177353870074678,0.3107295983243926,0.48422676918498714,0.40064181711293656,0.7099715356772965,7
0.3313244136556699,0.5235992863398566,0.08968308202037828,0.4552939150372916,0.07003314591827692,0.458064210033303,0.9100864717292897,0.4821588356236974,7
0.8083752313281933,0.3838516192980283,0.3175877631241228,0.5082990422657219,0.3192217174961452,0.625543910760743,0.5131157963523464,0.4921469425932369,7
0.7397765607158582,0.10950506914864983,0.4900686672075295,0.4035223891148154,0.38312268769859786,0.46471412854522975,0.438257508140664,0.4908992934294545,7
0.11825389768936528,0.45495457801081196,0.2571796254614481,0.2977717905309252,0.4585535572394931,0.5024385256106219,0.24149505566217344,0.49247847629058045,7
0.15584659905036718,0.3872392169181736,0.604139582123118,0.3908255912312016,0.5987980898350989,0.33695759360618627,0.328999759381278,0.6680695837655636,4
0.8333881812519219,0.49028087640106205,0.569982262923225,0.35050301002598594,0.5860013871991673,0.2653408869437954,0.4510122690444194,0.4931105725269131,6
0.8921053083057301,0.6735625638256748,0.5347079227695487,0.3912418919051669,0.4563127743908016,0.4075215876001222,0.4905033030058978,0.49247995099782793,6
0.811629616993846,0.3936496608433705,0.3146247593563633,0.5091407675150199,0.31608447755979147,0.6386091928560333,0.5175041779674758,0.4921347598212638,7
0.7424880775933911,0.13398140723343943,0.367373507305202,0.35003101820138904,0.4643465758261126,0.46609824743450856,0.44535252708268097,0.49151304852560657,7
0.7464985651641827,0.1911763992220019,0.3537625351863235,0.4631455684229171,0.4568140039899262,0.4857114722160054,0.4746589644192291,0.4927665005910994,7
0.7323070293974443,0.0664692662650132,0.5290751228209438,0.6095141309660685,0.31942736096411306,0.5208073502498461,0.4643341953174754,0.4914835707092338,7
0.7342642764381815,0.0604290016525888,0.6305010098775758,0.6223486024700842,0.3134149169027941,0.5523328991995669,0.47873261032109715,0.4925371760262468,7
0.18805698624243378,0.33047383166455313,0.5010444665116605,0.40344414167592135,0.30664475718655043,0.4525278292033139,0.5055348860163441,0.4899183362979279,7
0.9020256451171087,0.7044387222209996,0.527452752299375,0.3965955978017859,0.4387417265522376,0.4378283500795146,0.4998288418055398,0.49238841403628786,6
0.7509978999193772,0.16921688437923282,0.4434749575077971,0.1793996129055116,0.49978993760814316,0.44910506363031244,0.43813915038890505,0.491744182341874,7
0.11016645898040645,0.4463395092429117,0.3176230238628914,0.111269980421345,0.6696864088892225,0.5413251235605704,0.2942895680862554,0.49694197767236314,7
0.16493823691302362,0.30535648448318753,0.6196663677594902,0.4656139467678088,0.6436069386075922,0.724113439745826,0.5175730431848502,0.742539336610222,7
0.7306566413029986,0.0887878536926803,0.30424907657138633,0.49409931977771177,0.4456864767133579,0.4703409350058336,0.44863286603148045,0.49137573407592033,7
0.8871455572744196,0.6581226255115797,0.5373852453133211,0.38748177884874946,0.46812103907747343,0.3970203427763464,0.4877916983787483,0.4925306355379459,6
0.24107678416191897,0.4503572452224012,0.42715209287976386,0.7974484967247621,0.6711047975871252,0.1017975120675001,0.460854763449993,0.5567108508169373,9
0.13195813748048563,0.4290790910088147,0.28314034417342215,0.1780090542617851,0.6435892925620895,0.5433800752094838,0.37079581843846415,0.24448425473057428,7
0.13544982482797702,0.28653883018670356,0.5371118985323462,0.5766862879739626,0.22845004441762626,0.4824543436369052,0.4375934257622663,0.7401326467861348,7
0.1913805940263238,0.25361402153214613,0.5530821442065592,0.5365006634006669,0.21840131314957656,0.433328570397201,0.6183468154404648,0.48820721399836625,7
0.2816268875442076,0.2052010004936336,0.5185853510363664,0.6388339464494521,0.5886766313966263,0.663284379559193,0.9218240107439264,0.49821470830468023,7
0.005492426839499354,0.3792374843162214,0.06095586297886019,0.42054470301874297,0.47314554173168255,0.4797263967141149,0.24766431478138462,0.49062011010288775,7
0.7967671682197885,0.3431862944959685,0.9501032635159807,0.41986900292383217,0.5432367245555285,0.23760330880419822,0.4559544413819733,0.49483558040735526,3
0.28489509635478827,0.38257361195885503,0.2976165393487374,0.0976689886031527,0.27893659477762944,0.2657001404578797,0.8374231669120482,0.48351504793171646,7
0.8812717167415836,0.6287619740670046,0.4100040870249641,0.2470298727384848,0.2604380508222859,0.7600059667226802,0.5484126866700589,0.4918424658095571,7
0.07597546273669015,0.29234196900766024,0.4252222954375343,0.5839530421321072,0.2633286845214816,0.47327031200039305,0.29367583065984726,0.48841601543900437,7
0.732879329279065,0.17416124908052674,0.42035614184511755,0.4975967046360772,0.40347903211108055,0.43673017642149503,0.46895372462821877,0.4923444530588042,7
0.7474423561813637,0.15459274247207624,0.41499803580024686,0.24446708444965948,0.48438467926248885,0.4591135765760622,0.4406302893995506,0.49161746759995933,7
0.19396821413274856,0.3838625650841444,0.22892467540550582,0.03954283221624155,0.5273640245342968,0.35121365505241614,0.7246907133510376,0.4897539546121489,7
0.7415795316874803,0.09272011816852185,0.7191884712744452,0.42553523128428333,0.36073749681751377,0.5277531154081702,0.4690771802107525,0.49285117261395983,7
0.147298082370453,0.2947892956378597,0.5014896384811516,0.5094467786124987,0.25443166859183275,0.46000770670218777,0.4824613827527883,0.23494780219032402,7
0.2078389920642349,0.29390024865095826,0.4411674296362073,0.44894689092791257,0.44095310418126704,0.5207403497342487,0.6678631721417652,0.4801654421206809,7
0.1558030747084156,0.34627566087374795,0.6599256169043253,0.2529199432532298,0.2588684992756942,0.4256679361187333,0.4746845203174456,0.23735394817944883,7
0.7426833677240281,0.0993640507742373,0.7287859209720342,0.4042705359454272,0.3590088240545805,0.5239047796189527,0.46829955137379614,0.4927502241860779,7
0.8460025945066967,0.5135681569172889,0.4189701228975663,0.6655313354636931,0.47066472122961445,0.36899415532069246,0.48529383809720017,0.4924488792344997,6
0.9021596225589705,0.6910322729399867,0.38448919885750155,0.7066483383652089,0.3395588429096758,0.5045183366001055,0.5219792285538508,0.49171693167121616,6
0.19097174104800918,0.3869128265136757,0.27428331047702204,0.1690171448027194,0.6417023725024978,0.486205659073417,0.5641674051298812,0.7469710329707027,7
0.06551608177335894,0.4027858809991749,0.20381620475225198,0.4708666665767485,0.29583576946328466,0.46583939591822,0.17544767792893623,0.4877962281567776,7
0.7410505765145974,0.1320175726713681,0.38564102043313164,0.31089294289477776,0.4762208907613179,0.45899524805027847,0.4422335956964699,0.4915310474230877,7
0.25266403511121094,0.409154251356216,0.754843600325328,0.9076774480522881,0.5924390028114406,0.1960291635961952,0.5541576325954108,0.6695059648698548,7
0.9424327553205364,0.832472102793854,0.49953441626422906,0.4233983485378707,0.3519037280216296,0.5493199655747717,0.5317941899835118,0.4918591554174432,6
0.04716089226636688,0.3590046558676866,0.3148408124074529,0.4460883527551769,0.30830560202539165,0.4487744303769086,0.1492731017963312,0.48667572113449087,7
0.7295505884750851,0.08070324158972289,0.2596784761227812,0.5902887523830862,0.41971992205438374,0.4910051967522711,0.4561130665159399,0.49119914230520323,7
0.16810043616429549,0.35823720306094275,0.6307054080021809,0.33206110715525217,0.14777371471000528,0.42612846409867355,0.5412864823780712,0.7375582716529843,7
0.7388828589761367,0.12317278240599297,0.38495214580117787,0.31556037446662927,0.48214724031844747,0.4537136120990928,0.4402559240486919,0.4916102140559972,7
0.07469095538079518,0.3971624108880357,0.4437106572305469,0.3034121919675516,0.3180196386532226,0.45135055107867217,0.16639123937134037,0.4867936575089343,7
0.7343191679640716,0.10426452137288297,0.33731868254688,0.41985249483552733,0.4610586692733836,0.4630997447839111,0.4457797650145771,0.4914681118974971,7
0.16469230284722086,0.3561479991739136,0.18821416754025866,0.3935889391736258,0.2673312244859126,0.3526887431004615,0.5235909610937152,0.2341817154437642,7
0.22097294835049475,0.2531339830308727,0.6030040145970067,0.5813915762815727,0.45469325640781016,0.6057900603499664,0.6388448801322678,0.74784819901458,7
0.20315421135669642,0.3092414568158679,0.7301375954288205,0.2637478579866876,0.2251411598488021,0.39910697653367133,0.6446708781538478,0.7366099393837944,7
0.7494493147566009,0.16636389005931346,0.4668422371295913,0.130389413970245,0.5189039190609238,0.43431894990646586,0.4334155399079638,0.4918707382196406,7
0.14082109125902442,0.4237938305240457,0.3275385935400219,0.3887365476321416,0.4378070298361003,0.5394195997924431,0.21160844474491936,0.4922829089558849,7
0.25579289643522346,0.3502143017630054,0.28083394254955785,0.40092218808226177,0.7692646497056947,0.31248391589648594,0.7637652424739458,0.5972485908202851,4
0.7318433508383605,0.0891923950806687,0.2885201620287699,0.527333472252755,0.43833623090168106,0.4810147176985034,0.4515678577572287,0.49142363848955434,7
0.1700340308444817,0.3620051682280475,0.43268621528460804,0.39684414006845886,0.3872356119418341,0.4936850507322413,0.37215429138071476,0.49212222940159556,7
0.09008795714667495,0.3747705139440878,0.6918893970626294,0.32951870094780833,0.6909365838964923,0.7715886678165007,0.28291869077454423,0.5028185960066809,7
0.729467209520744,0.05991896529150503,0.5563583335200816,0.5434970177259468,0.3487789267625322,0.49729131078651967,0.45654837143185595,0.49168316073729984,7
0.8020973151918234,0.3547960310944991,0.9382910846289647,0.4263978350423938,0.5360244907339241,0.25250477848645014,0.45736579074147343,0.4946351853659187,5
0.23785931824211703,0.2649856369753516,0.7143553370335334,0.4878783578568425,0.3749722281950434,0.5326027716923317,0.632954935374716,0.7460383316861816,7
0.9392617370432317,0.8224085867484665,0.5021620985623267,0.421828299162558,0.35726247376014764,0.5383366837996946,0.528338074843699,0.4918943497081127,6
0.1378029693298216,0.3177478548080592,0.10286812065587247,0.5697438213285309,0.5687006681293787,0.5547186988916932,0.48012384253428214,0.2439315509471972,7
0.8211581477458844,0.4231756644104536,0.3066297490696216,0.5129958817307089,0.3028829863051903,0.6727994786701706,0.5286266259295139,0.4920621741833545,7
0.1541039121685479,0.38651723189455156,0.22545544433223297,0.33746573228579924,0.2740696373843884,0.3716597315547762,0.458461096609493,0.4853950117530494,7
0.07917712198483345,0.35464079294858564,0.40613583591837815,0.5150668606453961,0.4105477394407243,0.5501688918937724,0.11280949628205239,0.4936525989418829,7
0.04477758598587395,0.2838741066967373,0.627661213376151,0.6554969289977222,0.19763777481842532,0.5457895833615072,0.204643490442094,0.48857834566070296,7
0.18969289493631428,0.3161210438256768,0.7845117185267896,0.2692285207691939,0.32476933701383504,0.47139287266015495,0.5528405657048002,0.7320120090374305,7
0.3111247091809567,0.3604437898199973,0.2718906716867871,0.22685348636743208,0.6408852954239527,0.49205800763292434,0.8561740259006887,0.4948031559790871,7
0.7262011891505071,0.07319377948763883,0.2812721343285238,0.5461763690081803,0.4357771190322121,0.4764019780783063,0.4509125712120285,0.49124158338980467,7
0.2953412871658012,0.3424025321698916,0.5575578937063219,0.17436680483105838,0.2876817225154039,0.3519667072312016,0.8207800388259765,0.4868333294303131,7
0.2392467767935998,0.3034668136100306,0.6450056628278744,0.3811425040737542,0.6422376026269707,0.6886243616542316,0.7270456451268407,0.24824316978654673,7
0.18965552736149327,0.2441227556985321,0.5667586136432536,0.5871519058485001,0.233582047878495,0.461599426204085,0.6182215674875704,0.7385556548657491,7
0.1294267448189526,0.25694800255794403,0.5076677650533413,0.7013023788596697,0.6148947189511971,0.7606187779379152,0.49136088899859165,0.7526431680526767,7
0.23981808764580012,0.32763353943210616,0.533876663359351,0.5113744653974786,0.36637563901751563,0.5504552856452034,0.5837059571175967,0.4742550826148446,7
0.7293612641015408,0.08552070654008109,0.3032429387311132,0.4967641018725434,0.4440772278647325,0.47242668240319463,0.44876160774147267,0.49131623636978095,7
0.15350619806247978,0.26847246261846086,0.36964619930205295,0.6067720298976624,0.2999465173272222,0.4527360258268291,0.474124433105685,0.23135130362748235,7
0.7320473812421164,0.09744824534544469,0.32988372024692336,0.43697416991944976,0.45623280220476675,0.46605631435406986,0.4464323384956147,0.4913768707048001,7
0.2111937330896181,0.256822175885962,0.6043315612162606,0.5831330514488398,0.4624278686051423,0.613583035527615,0.6063117228320073,0.7482097955753719,7
0.23561675553545885,0.26685570764074157,0.20241566907575276,0.4450430305433396,0.16201353415776992,0.25404045754803467,0.7882355710586706,0.4808224462067699,7
0.20002650238524555,0.32216287113008163,0.8263118304525432,0.2471819836955343,0.26213994005272,0.4538704704649317,0.5888973710800096,0.23586547917813222,7
0.22389181980143288,0.239606492034595,0.6382682461216407,0.6615774003590826,0.3406185796325636,0.558342206938977,0.617321380634268,0.4941996694165081,7
0.7366241195499688,0.10896210756471336,0.3253916576456907,0.44582912004843045,0.449391331503837,0.4732847992209231,0.44798298897472516,0.4914314617310798,7
0.8627387380868023,0.5818916530130773,0.553100240854792,0.37161281099174626,0.519116586931743,0.3329624286751387,0.4693576136060082,0.49279268874311644,6
0.731521929069961,0.09340249366530581,0.32284044282758373,0.45398807645558625,0.45448214666035364,0.46826157328087037,0.44662140448935955,0.49139600562103547,7
0.14613019744268413,0.3036196085971259,0.7550860196646658,0.42283619877696715,0.5109081517919866,0.6459724794595273,0.4274315379613668,0.7469447241852504,7
0.2157402623508204,0.36001299703539336,0.2295481297943617,0.25459069087838315,0.6161399106084811,0.48107840050734524,0.6559227125129217,0.7462898677714654,7
0.7304180792774182,0.05186972958443975,0.6667711922066496,0.5461259802642224,0.34703708207837325,0.5223847996628662,0.4708587241741209,0.4927278018012691,7
0.7426653111551124,0.12441305973636183,0.4083709871118142,0.4025954404843431,0.38531857846555523,0.45263949408259196,0.42952488826290275,0.49030225542551464,7
0.725682749935173,0.07170960075448085,0.2841161564292955,0.5405430583124402,0.4380806213503491,0.47327623095477284,0.449748837842052,0.49125730911043103,7
0.8809510602023582,0.6383750986855703,0.5395489947518799,0.3810283637353646,0.48804847578182314,0.38990703000076893,0.4870331964292949,0.4926341880096869,6
0.09171450537541898,0.35093038513615715,0.3626572144906487,0.41393614369633436,0.4946161260787868,0.5533229976988835,0.29096648531174213,0.46256474425194194,7
0.803179306935125,0.3662326726518814,0.9540112629709103,0.4235814847078218,0.5289017150871841,0.2555830614306491,0.4626018838642944,0.4949457056957302,1
0.1894507796199419,0.2907756179542077,0.38071304872889417,0.4117952097083065,0.25845662467587865,0.35723430745140283,0.5733962275309306,0.23389657617002224,7
0.7327503901059641,0.09792855779831927,0.31432842266035654,0.4709079037984218,0.4429458381311591,0.47367086254995533,0.448523004977978,0.4912913435588551,7
0.8748221572308325,0.6196648274814673,0.5455905718043987,0.3797954642335998,0.492969627035092,0.36331053115437145,0.47791781972509034,0.49266150070600195,6
0.17577983811670844,0.32303759927590286,0.6967224650649796,0.3000159666119007,0.29444839902581155,0.44858984538759106,0.5223090108677113,0.7398194781438339,7
0.16316685392050712,0.3092404717283797,0.7696385049779602,0.37131008144915517,0.2550900169147355,0.48659111756162543,0.48342092993816577,0.7418916195232077,7
0.11854003672255342,0.38149976031173327,0.21894277528055983,0.3237187017688326,0.6277512462219189,0.5406047734546674,0.37006720043822844,0.4812153452378418,7
0.8728324717561377,0.598013139857557,0.4050367044876125,0.6872981272392038,0.402320036709709,0.4226029060268873,0.49843146419498197,0.4921086209383942,6
0.24375538510101755,0.21734561555493742,0.5022056793914866,0.6920100147015961,0.5844610909423452,0.6906812283141043,0.8068480857676971,0.49892609947353694,7
0.11981730308153865,0.29352769147750213,0.4277274650601787,0.5723869608403908,0.28787971420277975,0.523517278731872,0.49334278368556467,0.7403758825614388,7
0.13902824758055143,0.34973000101941965,0.2087617140233024,0.38456281445818175,0.3001285292367897,0.3605399161051172,0.44088305723086324,0.23488296115891988,7
0.7288102679495349,0.08468571609485057,0.31084286825155005,0.4809198692272737,0.4496136472970249,0.4671310621419802,0.447170702568078,0.4913424843554827,7
0.09665162094565677,0.4194574743729038,0.1860575221900599,0.5159492059987554,0.22502466982981043,0.47629068274851266,0.25791931086939945,0.4875446460954061,7
0.09908699035838653,0.38432705973691234,0.24682296501448026,0.5874184098484775,0.4098356178639955,0.5598397687015884,0.12611309855165093,0.49373987001031266,7
0.8917542614125347,0.6722339456507809,0.5329163609222993,0.38849831973392496,0.46413893170175685,0.41666386857090293,0.49449876778964574,0.4925139969187016,6
0.23059207535994258,0.3243890675056974,0.6695169664896955,0.3328533153214874,0.6525913875953565,0.6877137753838476,0.684419925189662,0.2486176816097443,7
0.1295928897769147,0.4328074513300712,0.5074502078031498,0.25964418307907333,0.4608112466060715,0.5467791236828219,0.1827481373547623,0.4947214154160536,7
0.73680778744829,0.07815157470475448,0.8468081813841191,0.16924108445421554,0.3974743312354523,0.5153552563918808,0.46437423554382506,0.49489480091177357,7
0.8039650201062551,0.37052615743489276,0.9562780364561434,0.4240787039994911,0.5283289048241282,0.25823009281643167,0.464610592277865,0.4950010264130045,4
0.14020070377621013,0.3539013365409924,0.4431034159933151,0.286848901305229,0.2611429257517249,0.38016822909672165,0.40414958412402846,0.7385978929614796,7
0.7429495679771465,0.1116136243866779,0.5462699055891643,0.45039485358597653,0.35307279317008283,0.4993938608021446,0.45302710344219105,0.491314049980872,7
0.7373272678694855,0.17340461020558456,0.8286726617108201,0.2133464494329761,0.3740056647616144,0.5595235791353569,0.504677198963471,0.49465204136714114,7
0.7453573226516372,0.13011344544591252,0.4545293386012662,0.3841783628880736,0.3849369513923913,0.4584970841107447,0.4336195918016285,0.49065556194605403,7
0.25255026085552246,0.28707052774356373,0.3509724194468441,0.5616210122119262,0.38998764916485107,0.4773520983385051,0.6321320304356869,0.24061215074576647,7
0.7584188901963199,0.1939895960673731,0.4534404409114719,0.15137488723847653,0.4945590449660499,0.4703170838655281,0.44328392426287166,0.4916891058076855,7
0.15954137255132533,0.3024830897388415,0.32042584779984684,0.6042245371136086,0.4187776271042166,0.5208638331185238,0.35191431950400454,0.49007836278848876,7
0.16312253595793008,0.335970756899734,0.7582464308664048,0.25869367723828535,0.3098577108933377,0.4716245512878702,0.4942001087999477,0.23411886826648903,7
0.16549820164324902,0.36937853528143594,0.6145151474610536,0.1659931420612431,0.25612457906885766,0.3863363276414412,0.47855587917540043,0.23429028049606598,7
0.2282259447773974,0.3029557392042327,0.3923043205802832,0.4821680674499297,0.4136644370457969,0.4765365468083767,0.5500941557356267,0.4924250204506163,7
0.24309714485454617,0.42650456177235685,0.2539374542909844,0.2559892185971452,0.2621134105394264,0.37533185208306136,0.6653213580496121,0.4828888819791459,7
0.235158286684999,0.32127050939068585,0.20273559675123615,0.6185531837273579,0.3744047396752909,0.48833656925859353,0.5551781965399522,0.7424688225824659,7
0.8761677183431882,0.6081155011834553,0.4022628252180435,0.6885099104533532,0.3981061750548385,0.4346666619631755,0.5023639144367046,0.49209122015186796,6
0.2085988744825019,0.33468807512251575,0.18429852075873648,0.35869151571421226,0.597146338958687,0.49655111606142194,0.6596228799248458,0.49431790974249695,7
0.8938693218935622,0.6649719300725516,0.38792197753315233,0.6990951986993729,0.362943107973826,0.4919108527189408,0.5195060283277626,0.4918233607053338,6
0.7320937342791862,0.0951163163414524,0.31774178286681276,0.464442620786632,0.45062223094273357,0.46623914897183605,0.44707625076118984,0.49139897455229364,7
0.058765034329185784,0.2976492148951639,0.40241207710489413,0.6254453546082356,0.2464575476221659,0.48687069876466604,0.23526113589830733,0.48987793127848017,7
0.09837154167552786,0.3060284658298359,0.5818855559805889,0.5814146378207863,0.6376607805309553,0.7728631212661323,0.3348319812784114,0.5019044476981502,7
0.8347744057339379,0.4667817246409757,0.29970233556267867,0.5252384248107268,0.26447598454470056,0.6979307441201205,0.5341108507336125,0.49184141558047784,7
0.8029649849519377,0.36497284554212356,0.9512525616634858,0.42431521409947176,0.5292624710300683,0.25525910364178384,0.4618375080972681,0.4948710008631753,8
0.13180521178994398,0.3685124842675639,0.28329020959621964,0.3238691245682715,0.2470795508467797,0.35156076739449504,0.3742263625880736,0.48529952387932684,7
0.1508474521822848,0.4343127209405765,0.37712710994151927,0.2778558525468542,0.4682836970370461,0.511814899627391,0.2255204958394843,0.49252920979162856,7
0.8637388899609222,0.5846154136981186,0.5504141562624375,0.3696010509145354,0.5246396085421837,0.3458230944585271,0.474475564249043,0.492817666856731,6
0.8656996704985507,0.5906778646814573,0.5495822459525634,0.3713307031014567,0.5192561266241126,0.34894106049167684,0.47509383536732513,0.4927947258089723,6
0.14156956813077914,0.36640184154752065,0.6095456905321838,0.26610432038815285,0.3135298172611146,0.4569685133799682,0.36749544973414183,0.49027744740518736,7
0.7543483611662413,0.1640219458700712,0.35766326874502313,0.3907880412387063,0.3684411964744535,0.4622289354589272,0.42734314060868667,0.48983796944349145,7
0.06320910545532249,0.44149911933229535,0.5784351243142909,0.160781658012366,0.2785042022118358,0.4534863669294103,0.1317034375256852,0.4884063907241484,7
0.8877122389005982,0.645530278322619,0.39167560503230214,0.6945378248929874,0.37747283061685866,0.47720806255735676,0.5155685159405903,0.4919045193955094,6
0.17349110601574969,0.35112721861824886,0.19733827694468958,0.3456731896407735,0.6100337352513983,0.50670379404236,0.5464544653605248,0.746880792709655,7
0.30544216328767915,0.3708445918933077,0.32768041436608786,0.31631325525217924,0.42082412601322366,0.43998908657899016,0.7044760764830831,0.48118274560990226,7
0.09327753798719324,0.445448292368819,0.2969946526362801,0.16383003380879185,0.6586369331271144,0.5572388274216524,0.24911481888969167,0.49712675736009143,7
0.23021713999328364,0.39898670855597185,0.30001534559001986,0.09767138308781415,0.642985874775098,0.4773316004913851,0.6655602827974554,0.24325100472751507,7
0.7331015117719104,0.16283231625770409,0.8329349994428107,0.20667053564855103,0.3871308907588509,0.5406264801351329,0.5048270818751182,0.4950798213343361,7
0.7525572409452477,0.15167026984105328,0.677067788689468,0.2010451920248976,0.4129750032159281,0.46602274574043123,0.4418027216888605,0.491916995681445,7
0.12816066043363966,0.42091544475781656,0.31710906574551834,0.41821518624947346,0.44386130538442314,0.5455722680192384,0.1752064001075948,0.48794506067542764,7
0.7457079947354819,0.12890049040964732,0.49743787371380754,0.3910092576905625,0.37248822103871065,0.4752717364409664,0.4406284045756861,0.49086805339215417,7
0.7466163909967468,0.1537692018298718,0.4406533382580092,0.1894828884973248,0.506372791996375,0.4456420172373283,0.4362522213105501,0.4917885215052627,7
0.051684437602122935,0.3099883505537096,0.5442807376889698,0.6103076783577333,0.21194937366741956,0.5194437293596824,0.1973653237663069,0.4897415593474465,7
0.9093372765638992,0.7015757667622722,0.2507433804283641,0.5753828808027066,0.10321349774831706,0.8942161049651998,0.5898788367661703,0.49093872615449347,7
0.15850779064156684,0.35252472621033326,0.2384691944586519,0.4574175839148459,0.38032260186120126,0.45075587173256726,0.38147050742521543,0.4909927065591489,7
0.23608610744301886,0.28237759957409364,0.6525175965088443,0.28671495947323833,0.25024690528306465,0.37385588901268185,0.7527520884774959,0.4862484164990014,7
0.16180533667617913,0.2556458941033045,0.5476779232936856,0.6102542577605408,0.2250564414222092,0.4711156296196634,0.5317784065282908,0.4894683694564658,7
0.22052244875865243,0.2736834735021978,0.6708724302455634,0.5922455750025345,0.34673323437472997,0.5749764512635382,0.5836793933331293,0.24107345770944977,7
0.0866552169969878,0.39879230893087475,0.7057127532907345,0.2953374065743242,0.7056649914476159,0.7828623057387163,0.25591710741249973,0.5033911699314438,7
0.07655221701667642,0.36054023446362815,0.1520168779534894,0.48805786232245124,0.6025549112722088,0.5771356310402712,0.27368478281289776,0.4966413765226988,7
0.1175236353257017,0.33500123140655225,0.4547111422819372,0.4436084450583237,0.33096759760578354,0.47737669446854636,0.322013505885113,0.23331810804707054,7
0.20295980212440135,0.346964938568383,0.7860407866071959,0.3240485742501579,0.4192430834382609,0.572702688247623,0.4705157998759231,0.2425756825840667,7
0.2790170455696602,0.30509327471707937,0.4394625021027891,0.335366232278583,0.387291868585706,0.4009108156652255,0.716922582742528,0.49001523424224425,7
0.2010132992113136,0.2867888420265173,0.2528532468359198,0.4725533812798308,0.23969953800806254,0.3408472266795174,0.6090793576598565,0.4851213678103848,7
0.21314876615719117,0.3219158981950224,0.10810478783564398,0.4602125097734231,0.48472565417606706,0.40929509117307666,0.6523197988783225,0.2400674666809271,7
0.18361040538624343,0.3194980967015031,0.8322083322610238,0.24875602215409426,0.287318116713841,0.45957452672542315,0.537835361978899,0.23800985027902266,7
0.7444218077285671,0.10165929932773426,0.6910586793056878,0.43413476321075295,0.35770142552782813,0.5251662939003986,0.4671883230724548,0.49270363139045237,7
0.29720360927070333,0.5389640625506076,0.4527387949548971,0.41420750933638223,0.9341350925658347,0.1395209854967025,0.666289571489585,0.5200649027310853,10
0.8298176018517089,0.46334744085625335,0.43082744495326103,0.6569541201298641,0.49881000734775877,0.31936493746233785,0.4699698091131854,0.49258745093127343,6
0.8429629667474978,0.5078824679275684,0.43550622943266387,0.22143295556545428,0.3428669866847162,0.6577918770139854,0.5192136953750206,0.4923139225348353,7
0.24917142597802877,0.3458974752744575,0.43608264465510815,0.3769172809253639,0.4194208748087155,0.4759558739487581,0.5757339066595563,0.743717157659528,7
0.7393296948245329,0.08000744389204631,0.6651753953024163,0.5448411323460214,0.32647016210365887,0.5465043839569664,0.47556077557566634,0.4926413367680838,7
0.21621638815295338,0.3460666669237744,0.834600593164855,0.29989471018003827,0.5572818775966748,0.6730112083941372,0.5792335542444915,0.6557663302830757,7
0.10495698972826062,0.37708296173392586,0.382406755564649,0.24225295360348706,0.29065054967309556,0.3660935926107366,0.3042234213247288,0.4864994114129529,7
0.13792028293948322,0.4331175465085562,0.601497658734534,0.21147080302721505,0.34569366194807605,0.5080559221683876,0.29645040254571237,0.48822622878829,7
0.14256158273591385,0.3700373713468703,0.1968799910255709,0.35733656890526005,0.6053762395546551,0.5376502360615596,0.44962573768904546,0.7473418982068765,7
